<?xml version="1.0"?>
<doc>
    <assembly>
        <name>Tweetinvi.Controllers</name>
    </assembly>
    <members>
        <member name="F:Tweetinvi.Controllers.Properties.Resources.Account_GetSettings">
            <summary>
              Looks up a localized string similar to https://api.twitter.com/1.1/account/settings.json.
            </summary>
        </member>
        <member name="F:Tweetinvi.Controllers.Properties.Resources.Account_Mute_Create">
            <summary>
              Looks up a localized string similar to https://api.twitter.com/1.1/mutes/users/create.json?.
            </summary>
        </member>
        <member name="F:Tweetinvi.Controllers.Properties.Resources.Account_Mute_Destroy">
            <summary>
              Looks up a localized string similar to https://api.twitter.com/1.1/mutes/users/destroy.json?.
            </summary>
        </member>
        <member name="F:Tweetinvi.Controllers.Properties.Resources.Account_Mute_GetUserIds">
            <summary>
              Looks up a localized string similar to https://api.twitter.com/1.1/mutes/users/ids.json?.
            </summary>
        </member>
        <member name="F:Tweetinvi.Controllers.Properties.Resources.Account_Mute_GetUsers">
            <summary>
              Looks up a localized string similar to https://api.twitter.com/1.1/mutes/users/ids.json?.
            </summary>
        </member>
        <member name="F:Tweetinvi.Controllers.Properties.Resources.Account_UpdateSettings">
            <summary>
              Looks up a localized string similar to https://api.twitter.com/1.1/account/settings.json?.
            </summary>
        </member>
        <member name="F:Tweetinvi.Controllers.Properties.Resources.Account_UpdateProfile">
            <summary>
              Looks up a localized string similar to https://api.twitter.com/1.1/account/update_profile.json.
            </summary>
        </member>
        <member name="F:Tweetinvi.Controllers.Properties.Resources.Account_UpdateProfileImage">
            <summary>
              Looks up a localized string similar to https://api.twitter.com/1.1/account/update_profile_image.json.
            </summary>
        </member>
        <member name="F:Tweetinvi.Controllers.Properties.Resources.Account_UpdateProfileBanner">
            <summary>
              Looks up a localized string similar to https://api.twitter.com/1.1/account/update_profile_banner.json.
            </summary>
        </member>
        <member name="F:Tweetinvi.Controllers.Properties.Resources.Account_RemoveProfileBanner">
            <summary>
              Looks up a localized string similar to https://api.twitter.com/1.1/account/remove_profile_banner.json.
            </summary>
        </member>
        <member name="F:Tweetinvi.Controllers.Properties.Resources.Friendship_Create">
            <summary>
              Looks up a localized string similar to https://api.twitter.com/1.1/friendships/create.json?{0}.
            </summary>
        </member>
        <member name="F:Tweetinvi.Controllers.Properties.Resources.Friendship_Destroy">
            <summary>
              Looks up a localized string similar to https://api.twitter.com/1.1/friendships/destroy.json?{0}.
            </summary>
        </member>
        <member name="F:Tweetinvi.Controllers.Properties.Resources.Friendship_FriendIdsWithNoRetweets">
            <summary>
              Looks up a localized string similar to https://api.twitter.com/1.1/friendships/no_retweets/ids.json.
            </summary>
        </member>
        <member name="F:Tweetinvi.Controllers.Properties.Resources.Friendship_GetIncomingIds">
            <summary>
              Looks up a localized string similar to https://api.twitter.com/1.1/friendships/incoming.json?.
            </summary>
        </member>
        <member name="F:Tweetinvi.Controllers.Properties.Resources.Friendship_GetOutgoingIds">
            <summary>
              Looks up a localized string similar to https://api.twitter.com/1.1/friendships/outgoing.json?.
            </summary>
        </member>
        <member name="F:Tweetinvi.Controllers.Properties.Resources.Friendship_GetRelationship">
            <summary>
              Looks up a localized string similar to https://api.twitter.com/1.1/friendships/show.json?.
            </summary>
        </member>
        <member name="F:Tweetinvi.Controllers.Properties.Resources.Friendship_GetRelationships">
            <summary>
              Looks up a localized string similar to https://api.twitter.com/1.1/friendships/lookup.json?.
            </summary>
        </member>
        <member name="F:Tweetinvi.Controllers.Properties.Resources.Friendship_Update">
            <summary>
              Looks up a localized string similar to https://api.twitter.com/1.1/friendships/update.json?.
            </summary>
        </member>
        <member name="F:Tweetinvi.Controllers.Properties.Resources.Geo_CoordinatesParameter">
            <summary>
              Looks up a localized string similar to long={0}&amp;lat={1}.
            </summary>
        </member>
        <member name="F:Tweetinvi.Controllers.Properties.Resources.Geo_GetPlaceFromId">
            <summary>
              Looks up a localized string similar to https://api.twitter.com/1.1/geo/id/{0}.json.
            </summary>
        </member>
        <member name="F:Tweetinvi.Controllers.Properties.Resources.Geo_SearchGeo">
            <summary>
              Looks up a localized string similar to https://api.twitter.com/1.1/geo/search.json.
            </summary>
        </member>
        <member name="F:Tweetinvi.Controllers.Properties.Resources.Geo_SearchGeoReverse">
            <summary>
              Looks up a localized string similar to https://api.twitter.com/1.1/geo/reverse_geocode.json.
            </summary>
        </member>
        <member name="F:Tweetinvi.Controllers.Properties.Resources.Geo_PlaceIdParameter">
            <summary>
              Looks up a localized string similar to place_id={0}.
            </summary>
        </member>
        <member name="F:Tweetinvi.Controllers.Properties.Resources.Help_GetRateLimit">
            <summary>
              Looks up a localized string similar to https://api.twitter.com/1.1/application/rate_limit_status.json.
            </summary>
        </member>
        <member name="F:Tweetinvi.Controllers.Properties.Resources.Help_GetTwitterConfiguration">
            <summary>
              Looks up a localized string similar to https://api.twitter.com/1.1/help/configuration.json.
            </summary>
        </member>
        <member name="F:Tweetinvi.Controllers.Properties.Resources.Help_GetSupportedLanguages">
            <summary>
              Looks up a localized string similar to https://api.twitter.com/1.1/help/languages.json.
            </summary>
        </member>
        <member name="F:Tweetinvi.Controllers.Properties.Resources.List_Create">
            <summary>
              Looks up a localized string similar to https://api.twitter.com/1.1/lists/create.json?.
            </summary>
        </member>
        <member name="F:Tweetinvi.Controllers.Properties.Resources.List_Get">
            <summary>
              Looks up a localized string similar to https://api.twitter.com/1.1/lists/show.json?.
            </summary>
        </member>
        <member name="F:Tweetinvi.Controllers.Properties.Resources.List_GetUserLists">
            <summary>
              Looks up a localized string similar to https://api.twitter.com/1.1/lists/list.json?.
            </summary>
        </member>
        <member name="F:Tweetinvi.Controllers.Properties.Resources.List_Update">
            <summary>
              Looks up a localized string similar to https://api.twitter.com/1.1/lists/update.json?.
            </summary>
        </member>
        <member name="F:Tweetinvi.Controllers.Properties.Resources.List_Destroy">
            <summary>
              Looks up a localized string similar to https://api.twitter.com/1.1/lists/destroy.json?.
            </summary>
        </member>
        <member name="F:Tweetinvi.Controllers.Properties.Resources.List_Members_Create">
            <summary>
              Looks up a localized string similar to https://api.twitter.com/1.1/lists/members/create.json?.
            </summary>
        </member>
        <member name="F:Tweetinvi.Controllers.Properties.Resources.List_Members_List">
            <summary>
              Looks up a localized string similar to https://api.twitter.com/1.1/lists/members.json?.
            </summary>
        </member>
        <member name="F:Tweetinvi.Controllers.Properties.Resources.List_CheckMembership">
            <summary>
              Looks up a localized string similar to https://api.twitter.com/1.1/lists/members/show.json?.
            </summary>
        </member>
        <member name="F:Tweetinvi.Controllers.Properties.Resources.List_CreateMembers">
            <summary>
              Looks up a localized string similar to https://api.twitter.com/1.1/lists/members/create_all.json?.
            </summary>
        </member>
        <member name="F:Tweetinvi.Controllers.Properties.Resources.List_DestroyMember">
            <summary>
              Looks up a localized string similar to https://api.twitter.com/1.1/lists/members/destroy.json?.
            </summary>
        </member>
        <member name="F:Tweetinvi.Controllers.Properties.Resources.List_DestroyMembers">
            <summary>
              Looks up a localized string similar to https://api.twitter.com/1.1/lists/members/destroy_all.json?.
            </summary>
        </member>
        <member name="F:Tweetinvi.Controllers.Properties.Resources.List_GetSubscribers">
            <summary>
              Looks up a localized string similar to https://api.twitter.com/1.1/lists/subscribers.json?.
            </summary>
        </member>
        <member name="F:Tweetinvi.Controllers.Properties.Resources.List_GetTweetsFromList">
            <summary>
              Looks up a localized string similar to https://api.twitter.com/1.1/lists/statuses.json?.
            </summary>
        </member>
        <member name="F:Tweetinvi.Controllers.Properties.Resources.List_OwnerIdParameter">
            <summary>
              Looks up a localized string similar to &amp;owner_id={0}.
            </summary>
        </member>
        <member name="F:Tweetinvi.Controllers.Properties.Resources.List_OwnerScreenNameParameter">
            <summary>
              Looks up a localized string similar to &amp;owner_screen_name={0}.
            </summary>
        </member>
        <member name="F:Tweetinvi.Controllers.Properties.Resources.List_GetUserMemberships">
            <summary>
            Looks up a localized string similar to https://api.twitter.com/1.1/lists/memberships.json?.
            </summary>
        </member>
        <member name="F:Tweetinvi.Controllers.Properties.Resources.List_OwnedByUser">
            <summary>
              Looks up a localized string similar to https://api.twitter.com/1.1/lists/ownerships.json?.
            </summary>
        </member>
        <member name="F:Tweetinvi.Controllers.Properties.Resources.List_SlugParameter">
            <summary>
              Looks up a localized string similar to &amp;slug={0}.
            </summary>
        </member>
        <member name="F:Tweetinvi.Controllers.Properties.Resources.List_Subscribe">
            <summary>
              Looks up a localized string similar to https://api.twitter.com/1.1/lists/subscribers/create.json?.
            </summary>
        </member>
        <member name="F:Tweetinvi.Controllers.Properties.Resources.List_Unsubscribe">
            <summary>
              Looks up a localized string similar to https://api.twitter.com/1.1/lists/subscribers/destroy.json?.
            </summary>
        </member>
        <member name="F:Tweetinvi.Controllers.Properties.Resources.List_UserSubscriptions">
            <summary>
              Looks up a localized string similar to https://api.twitter.com/1.1/lists/subscriptions.json?.
            </summary>
        </member>
        <member name="F:Tweetinvi.Controllers.Properties.Resources.List_CheckSubscriber">
            <summary>
              Looks up a localized string similar tohttps://api.twitter.com/1.1/lists/subscribers/show.json.
            </summary>
        </member>
        <member name="F:Tweetinvi.Controllers.Properties.Resources.Message_GetMessages">
            <summary>
              Looks up a localized string similar to https://api.twitter.com/1.1/direct_messages/events/list.json.
            </summary>
        </member>
        <member name="F:Tweetinvi.Controllers.Properties.Resources.Message_Create">
            <summary>
              Looks up a localized string similar to https://api.twitter.com/1.1/direct_messages/events/new.json.
            </summary>
        </member>
        <member name="F:Tweetinvi.Controllers.Properties.Resources.Message_Get">
            <summary>
              Looks up a localized string similar to https://api.twitter.com/1.1/direct_messages/show.json?.
            </summary>
        </member>
        <member name="F:Tweetinvi.Controllers.Properties.Resources.Message_Destroy">
            <summary>
              Looks up a localized string similar to https://api.twitter.com/1.1/direct_messages/events/destroy.json?.
            </summary>
        </member>
        <member name="F:Tweetinvi.Controllers.Properties.Resources.QueryParameter_Count">
            <summary>
              Looks up a localized string similar to &amp;count={0}.
            </summary>
        </member>
        <member name="F:Tweetinvi.Controllers.Properties.Resources.QueryParameter_IncludeEntities">
            <summary>
              Looks up a localized string similar to &amp;include_entities={0}.
            </summary>
        </member>
        <member name="F:Tweetinvi.Controllers.Properties.Resources.QueryParameter_IncludeRetweets">
            <summary>
              Looks up a localized string similar to &amp;include_rts={0}.
            </summary>
        </member>
        <member name="F:Tweetinvi.Controllers.Properties.Resources.QueryParameter_MaxId">
            <summary>
              Looks up a localized string similar to &amp;max_id={0}.
            </summary>
        </member>
        <member name="F:Tweetinvi.Controllers.Properties.Resources.QueryParameter_PageNumber">
            <summary>
              Looks up a localized string similar to &amp;page_number={0}.
            </summary>
        </member>
        <member name="F:Tweetinvi.Controllers.Properties.Resources.QueryParameter_SinceId">
            <summary>
              Looks up a localized string similar to &amp;since_id={0}.
            </summary>
        </member>
        <member name="F:Tweetinvi.Controllers.Properties.Resources.QueryParameter_SkipStatus">
            <summary>
              Looks up a localized string similar to &amp;skip_status={0}.
            </summary>
        </member>
        <member name="F:Tweetinvi.Controllers.Properties.Resources.QueryParameter_TrimUser">
            <summary>
              Looks up a localized string similar to &amp;trim_user={0}.
            </summary>
        </member>
        <member name="F:Tweetinvi.Controllers.Properties.Resources.QueryParameter_Cursor">
            <summary>
              Looks up a localized string similar to &amp;cursor={0}.
            </summary>
        </member>
        <member name="F:Tweetinvi.Controllers.Properties.Resources.SavedSearch_Create">
            <summary>
              Looks up a localized string similar to https://api.twitter.com/1.1/saved_searches/create.json?.
            </summary>
        </member>
        <member name="F:Tweetinvi.Controllers.Properties.Resources.SavedSearch_Get">
            <summary>
              Looks up a localized string similar to https://api.twitter.com/1.1/saved_searches/show/{0}.json.
            </summary>
        </member>
        <member name="F:Tweetinvi.Controllers.Properties.Resources.SavedSearch_Destroy">
            <summary>
              Looks up a localized string similar to https://api.twitter.com/1.1/saved_searches/destroy/{0}.json.
            </summary>
        </member>
        <member name="F:Tweetinvi.Controllers.Properties.Resources.SavedSearches_List">
            <summary>
              Looks up a localized string similar to https://api.twitter.com/1.1/saved_searches/list.json.
            </summary>
        </member>
        <member name="F:Tweetinvi.Controllers.Properties.Resources.Search_SearchTweets">
            <summary>
              Looks up a localized string similar to https://api.twitter.com/1.1/search/tweets.json.
            </summary>
        </member>
        <member name="F:Tweetinvi.Controllers.Properties.Resources.Search_SearchUsers">
            <summary>
              Looks up a localized string similar to https://api.twitter.com/1.1/users/search.json.
            </summary>
        </member>
        <member name="F:Tweetinvi.Controllers.Properties.Resources.SearchParameter_GeoCode">
            <summary>
              Looks up a localized string similar to {0},{1},{2}{3}.
            </summary>
        </member>
        <member name="F:Tweetinvi.Controllers.Properties.Resources.Timeline_GetHomeTimeline">
            <summary>
              Looks up a localized string similar to https://api.twitter.com/1.1/statuses/home_timeline.json?.
            </summary>
        </member>
        <member name="F:Tweetinvi.Controllers.Properties.Resources.Timeline_GetMentionsTimeline">
            <summary>
              Looks up a localized string similar to https://api.twitter.com/1.1/statuses/mentions_timeline.json?.
            </summary>
        </member>
        <member name="F:Tweetinvi.Controllers.Properties.Resources.Timeline_GetRetweetsOfMeTimeline">
            <summary>
              Looks up a localized string similar to https://api.twitter.com/1.1/statuses/retweets_of_me.json?.
            </summary>
        </member>
        <member name="F:Tweetinvi.Controllers.Properties.Resources.Timeline_GetUserTimeline">
            <summary>
              Looks up a localized string similar to https://api.twitter.com/1.1/statuses/user_timeline.json?.
            </summary>
        </member>
        <member name="F:Tweetinvi.Controllers.Properties.Resources.Trends_GetTrendsFromWoeId">
            <summary>
              Looks up a localized string similar to https://api.twitter.com/1.1/trends/place.json?.
            </summary>
        </member>
        <member name="F:Tweetinvi.Controllers.Properties.Resources.Trends_GetAvailableTrendsLocations">
            <summary>
              Looks up a localized string similar to https://api.twitter.com/1.1/trends/available.json.
            </summary>
        </member>
        <member name="F:Tweetinvi.Controllers.Properties.Resources.Trends_GetTrendsLocationCloseTo">
            <summary>
              Looks up a localized string similar to https://api.twitter.com/1.1/trends/closest.json.
            </summary>
        </member>
        <member name="F:Tweetinvi.Controllers.Properties.Resources.Tweet_Destroy">
            <summary>
              Looks up a localized string similar to https://api.twitter.com/1.1/statuses/destroy/{0}.json.
            </summary>
        </member>
        <member name="F:Tweetinvi.Controllers.Properties.Resources.Tweet_Favorite_Create">
            <summary>
              Looks up a localized string similar to https://api.twitter.com/1.1/favorites/create.json?.
            </summary>
        </member>
        <member name="F:Tweetinvi.Controllers.Properties.Resources.Tweet_Favorite_Destroy">
            <summary>
              Looks up a localized string similar to https://api.twitter.com/1.1/favorites/destroy.json?.
            </summary>
        </member>
        <member name="F:Tweetinvi.Controllers.Properties.Resources.Tweet_GenerateOEmbed">
            <summary>
              Looks up a localized string similar to https://api.twitter.com/1.1/statuses/oembed.json?.
            </summary>
        </member>
        <member name="F:Tweetinvi.Controllers.Properties.Resources.Tweet_Get">
            <summary>
              Looks up a localized string similar to https://api.twitter.com/1.1/statuses/show.json?.
            </summary>
        </member>
        <member name="F:Tweetinvi.Controllers.Properties.Resources.TweetV2_Get">
            <summary>
              Looks up a localized string similar to https://api.twitter.com/1.1/statuses/show.json?.
            </summary>
        </member>
        <member name="F:Tweetinvi.Controllers.Properties.Resources.Tweet_GetRetweeters">
            <summary>
              Looks up a localized string similar to https://api.twitter.com/1.1/statuses/retweeters/ids.json.
            </summary>
        </member>
        <member name="F:Tweetinvi.Controllers.Properties.Resources.Tweet_Lookup">
            <summary>
              Looks up a localized string similar to https://api.twitter.com/1.1/statuses/lookup.json?.
            </summary>
        </member>
        <member name="F:Tweetinvi.Controllers.Properties.Resources.Tweet_Publish">
            <summary>
              Looks up a localized string similar to https://api.twitter.com/1.1/statuses/update.json?.
            </summary>
        </member>
        <member name="F:Tweetinvi.Controllers.Properties.Resources.Tweet_Retweet_GetRetweets">
            <summary>
              Looks up a localized string similar to https://api.twitter.com/1.1/statuses/retweets/{0}.json.
            </summary>
        </member>
        <member name="F:Tweetinvi.Controllers.Properties.Resources.Tweet_DestroyRetweet">
            <summary>
              Looks up a localized string similar to https://api.twitter.com/1.1/statuses/unretweet/{0}.json.
            </summary>
        </member>
        <member name="F:Tweetinvi.Controllers.Properties.Resources.Tweet_Retweet_Publish">
            <summary>
              Looks up a localized string similar to https://api.twitter.com/1.1/statuses/retweet/{0}.json.
            </summary>
        </member>
        <member name="F:Tweetinvi.Controllers.Properties.Resources.Upload_URL">
            <summary>
              Looks up a localized string similar to https://upload.twitter.com/1.1/media/upload.json.
            </summary>
        </member>
        <member name="F:Tweetinvi.Controllers.Properties.Resources.User_GetCurrentUser">
            <summary>
              Looks up a localized string similar to https://api.twitter.com/1.1/account/verify_credentials.json.
            </summary>
        </member>
        <member name="F:Tweetinvi.Controllers.Properties.Resources.User_Block_Create">
            <summary>
              Looks up a localized string similar to https://api.twitter.com/1.1/blocks/create.json?.
            </summary>
        </member>
        <member name="F:Tweetinvi.Controllers.Properties.Resources.User_Block_Destroy">
            <summary>
              Looks up a localized string similar to https://api.twitter.com/1.1/blocks/destroy.json?.
            </summary>
        </member>
        <member name="F:Tweetinvi.Controllers.Properties.Resources.User_Block_List">
            <summary>
              Looks up a localized string similar to https://api.twitter.com/1.1/blocks/list.json?.
            </summary>
        </member>
        <member name="F:Tweetinvi.Controllers.Properties.Resources.User_Block_List_Ids">
            <summary>
              Looks up a localized string similar to https://api.twitter.com/1.1/blocks/ids.json?.
            </summary>
        </member>
        <member name="F:Tweetinvi.Controllers.Properties.Resources.User_GetFavorites">
            <summary>
              Looks up a localized string similar to https://api.twitter.com/1.1/favorites/list.json?{0}&amp;count={1}.
            </summary>
        </member>
        <member name="F:Tweetinvi.Controllers.Properties.Resources.User_GetFollowers">
            <summary>
              Looks up a localized string similar to https://api.twitter.com/1.1/followers/ids.json?.
            </summary>
        </member>
        <member name="F:Tweetinvi.Controllers.Properties.Resources.User_GetFriends">
            <summary>
              Looks up a localized string similar to https://api.twitter.com/1.1/friends/ids.json?.
            </summary>
        </member>
        <member name="F:Tweetinvi.Controllers.Properties.Resources.User_GetUser">
            <summary>
              Looks up a localized string similar to https://api.twitter.com/1.1/users/show.json?.
            </summary>
        </member>
        <member name="F:Tweetinvi.Controllers.Properties.Resources.UserV2_Get">
            <summary>
              Looks up a localized string similar to https://api.twitter.com/2/users.
            </summary>
        </member>
        <member name="F:Tweetinvi.Controllers.Properties.Resources.UserV2_GetBy">
            <summary>
              Looks up a localized string similar to "https://api.twitter.com/2/users/by".
            </summary>
        </member>
        <member name="F:Tweetinvi.Controllers.Properties.Resources.User_GetUsers">
            <summary>
              Looks up a localized string similar to https://api.twitter.com/1.1/users/lookup.json?.
            </summary>
        </member>
        <member name="F:Tweetinvi.Controllers.Properties.Resources.User_Report_Spam">
            <summary>
              Looks up a localized string similar to https://api.twitter.com/1.1/users/report_spam.json?.
            </summary>
        </member>
        <member name="F:Tweetinvi.Controllers.Properties.Resources.Exception_Upload_Status_NotUploaded">
            <summary>
              Looks up a localized string similar to Upload STATUS can only be retrieved for uploaded media. The FINALIZE query must be invoked.
            </summary>
        </member>
        <member name="F:Tweetinvi.Controllers.Properties.Resources.Exception_Upload_Status_No_ProcessingInfo">
            <summary>
              Looks up a localized string similar to Upload STATUS can only be invoked on uploads with processing metadata. Set the `media_category` to `tweet_video` to solve this issue.
            </summary>
        </member>
        <member name="F:Tweetinvi.Controllers.Properties.Resources.Auth_PinCodeUrl">
            <summary>
              Looks up a localized string similar to oob.
            </summary>
        </member>
        <member name="F:Tweetinvi.Controllers.Properties.Resources.Auth_ProcessIdKey">
            <summary>
              Looks up a localized string similar to authorization_id.
            </summary>
        </member>
        <member name="F:Tweetinvi.Controllers.Properties.Resources.Auth_CreateBearerToken">
            <summary>
              Looks up a localized string similar to https://api.twitter.com/oauth/request_token.
            </summary>
        </member>
        <member name="F:Tweetinvi.Controllers.Properties.Resources.Auth_RequestToken">
            <summary>
              Looks up a localized string similar to https://api.twitter.com/oauth/request_token.
            </summary>
        </member>
        <member name="F:Tweetinvi.Controllers.Properties.Resources.Auth_RequestAccessToken">
            <summary>
              Looks up a localized string similar to https://api.twitter.com/oauth/access_token.
            </summary>
        </member>
        <member name="F:Tweetinvi.Controllers.Properties.Resources.Auth_AuthorizeBaseUrl">
            <summary>
              Looks up a localized string similar to https://api.twitter.com/oauth/authorize.
            </summary>
        </member>
        <member name="F:Tweetinvi.Controllers.Properties.Resources.Auth_InvalidateBearerToken">
            <summary>
              Looks up a localized string similar to https://api.twitter.com/oauth2/invalidate_token.
            </summary>
        </member>
        <member name="F:Tweetinvi.Controllers.Properties.Resources.Auth_InvalidateAccessToken">
            <summary>
              Looks up a localized string similar to https://api.twitter.com/1.1/oauth/invalidate_token.
            </summary>
        </member>
        <member name="F:Tweetinvi.Controllers.Properties.Resources.Auth_RequestTokenParserRegex">
            <summary>
              Looks up a localized string that contains the regex for parsing the oauth_token
            </summary>
        </member>
        <member name="F:Tweetinvi.Controllers.Properties.Resources.Webhooks_AccountActivity_All">
            <summary>
              Looks up a localized string similar to https://api.twitter.com/1.1/account_activity/all.
            </summary>
        </member>
        <member name="F:Tweetinvi.Controllers.Properties.Resources.Webhooks_AccountActivity_GetAllWebhooks">
            <summary>
              Looks up a localized string similar to /webhooks.json?.
            </summary>
        </member>
        <member name="M:Tweetinvi.Controllers.Upload.IUploadQueryExecutor.UploadBinaryAsync(Tweetinvi.Parameters.IUploadParameters,Tweetinvi.Models.ITwitterRequest)">
            <summary>
            Upload a binary
            </summary>
        </member>
        <member name="M:Tweetinvi.Controllers.Upload.IUploadQueryExecutor.AddMediaMetadataAsync(Tweetinvi.Parameters.IAddMediaMetadataParameters,Tweetinvi.Models.ITwitterRequest)">
            <summary>
            Add metadata to a media that has been uploaded.
            </summary>
        </member>
    </members>
</doc>
